viability_bucket_orig,n_rows,win_rate,avg_proba,win_pct,avg_proba_pct
No Chance,572,0.24125874125874125,0.24695084078976362,24.125874125874127,24.69508407897636
Unlikely to Win,1338,0.3602391629297459,0.3769125852270676,36.02391629297459,37.69125852270676
Has a Chance,1090,0.5165137614678899,0.5454891008480298,51.651376146788984,54.54891008480298
Likely to Win,709,0.692524682651622,0.7456283298515696,69.25246826516221,74.56283298515696
Frontrunner,343,0.8658892128279884,0.7579538309481934,86.58892128279884,75.79538309481933
,948,0.5938818565400844,0.5364895599088289,59.38818565400844,53.64895599088288
